{
  "run_id": "f4f1608564174f038e9cf6cc3ef288d5",
  "metrics": {
    "roc_auc": 0.5078125,
    "pr_auc": 0.24642857142857144,
    "f1": 0.0,
    "precision": 0.0,
    "recall": 0.0,
    "brier_score": 0.21485680944148228,
    "precision_at_20pct": 0.0,
    "expected_calibration_error": 0.19949064541608097,
    "roc_auc_male": 0.4,
    "roc_auc_female": 0.7272727272727273
  }
}